feature_financial_1,feature_financial_2,feature_financial_3,feature_financial_4,feature_financial_5,target_12m,feature_financial_7,feature_financial_8,feature_management_1,feature_management_2,feature_management_3,sp500_12m,report_date,start_date,end_date,symbol,era,target_max_normalised,target_min_normalised,target_3m_normalised,target_6m_normalised,target_9m_normalised,target_12m_normalised,target_ml
24.8111034866788,-2.7325146969260388,4.06955925044428,3.3847482854742905,9.046728979745474,26.335992076512287,10.497584561944365,-2.035153332408991,0.1725114980880761,7.836455331491956,7.841908312992715,10.969769535056852,2004-07-14,2004-07-16,2005-07-12,CASY,2004,0.1114111450879596,0.7130635205548607,0.3399808255752852,-0.0505583912659948,-0.1521961149820759,0.5407068193422808,0.75
37.9022046876239,-10.584719682558964,-3.925111095405845,10.519091687014388,29.27702796189991,-0.2391209784425308,14.01203206666388,-10.184125424494413,-4.393434088489174,-3.836749968247666,6.401448555616948,11.19889379370396,2010-03-16,2010-03-18,2011-03-14,GTY,2010,0.3768383939446659,-0.2660381989793072,-0.4339349704164829,0.4339349704164829,0.7248705188777068,-0.9767936332674824,0.0
15.625932175253093,-15.70702377029617,12.463565074445665,-4.801985287932179,5.278909100052567,-14.041366352658088,1.365148225122233,-11.103384120063025,1.3540321411963816,-0.0252701761288208,-2.1101819254803345,-11.09299040699417,2015-02-17,2015-02-19,2016-02-14,LYB,2015,0.1027912436949057,-0.043990118295311,0.967421566101701,-0.2066831598309587,0.0880655697240945,-0.4549811403064283,0.25
35.050093202938484,-75.57204682098536,-6.926406185990436,-26.65430055214027,-71.2430422175163,-63.512677380768,19.105920358471,1.909901348935365,6.328505032684795,6.948240878011471,13.568765627533775,19.25190677923205,2016-03-08,2016-03-10,2017-03-11,DVAX,2016,0.3111562795826231,-2.765599997479443,-1.192782551149961,-1.7211298005156337,-2.765599997479443,-2.765599997479443,0.0
17.68797551120514,-18.150888514016,10.884524264661176,-5.302049766952493,-4.460844274663893,2.8925010193359526,8.411509260628353,-3.1561745782435704,1.7912777780115012,3.15302895774745,6.538059740315975,7.941829826404969,2005-03-16,2005-03-18,2006-03-13,CHDN,2005,-0.3691713625030897,-0.7192287304399239,0.6188730405486286,-0.8852904488296415,-0.9462913579615764,-0.7454495481807891,0.25
48.547470732454535,-2.2851496229967045,11.384252922196394,17.10732684833335,42.43069387175418,48.506105087195486,6.944555690849887,-4.662591001268379,0.3889936961329526,-3.031485232862559,-2.0271811031405806,5.001188726747928,2004-01-28,2004-01-30,2005-01-12,COO,2004,1.039898419655851,0.7936154164253918,0.94086471158563,1.039898419655851,1.2325547300975428,1.19044644429964,1.0
3.935998228459882,-35.43175937502735,-3.075048862878439,-13.407143434300671,-35.424380942999115,-20.29519630532933,3.345078447184428,-41.55223479755284,1.6933720753282189,-7.031618519577991,-37.71862101466124,-43.69662804516409,2008-02-26,2008-02-28,2009-02-22,RGR,2008,-0.9867993627699236,-0.036074416674231,-0.5285432999891629,-0.8237670336946826,-0.3496269202991955,0.2366225297410265,0.5
17.506426538539728,-6.812874568717868,0.5448413357427584,4.441793951062426,9.68030320556825,17.04334399667966,0.5793353045278379,-11.803812518544191,0.5771408963649167,-6.763460470797567,-1.54315401823276,-8.848275270255803,2015-02-23,2015-02-25,2016-02-17,PPL,2015,0.236730983028004,0.606986834803486,-0.1917306241735601,0.4226993637263154,0.4067242518713638,0.754927644483353,0.75
74.60177465081388,-26.33925796502256,-7.95583076031104,-3.110822482694953,76.34237253519026,68.77792538137408,10.816638233161491,-1.2064078871977353,5.98675479593563,1.042228940959874,8.239619542645418,11.218273901084592,2012-01-30,2012-02-01,2013-01-16,KBH,2012,1.7937838095341891,-1.230411507319429,-0.5982563844348799,-0.7007745731094327,2.1307155554683628,1.8837215565509235,1.0
26.462162142835314,-3.0756634927362803,12.81526346959326,2.3858239921573774,22.9038895219992,1.0224922818689417,1.3129772875102423,-11.149137713701432,0.5275153657479037,-6.020880036120895,-0.4012295157778202,-7.170732768554626,2015-03-02,2015-03-04,2016-02-27,FOXF,2015,0.6247064444917323,0.8776808142701863,0.9910986197739944,0.2822161470625082,0.9910986197739944,0.236730983028004,0.5
13.327544385555312,-9.945202612259026,-4.109667100801222,-2.026439600648392,4.210468557702416,13.84209551184605,21.5896556246758,-4.588375375869188,5.851965401971193,14.969375406304378,17.051865294265635,18.03840352295044,2010-07-22,2010-07-24,2011-07-17,CAG,2010,-1.0054394025550546,-0.140693743225248,-0.4727891209922674,-0.3768383939446659,-0.4924834449303661,-0.229884117579232,0.5
3.748807320381677,-12.633191027634064,0.7694379334161547,-4.5511125523644695,-3.397683416520721,-10.044317998675876,0.4094742326869353,-11.930247904115255,-0.4722795756724824,-6.069732263832251,-1.2883685358030237,-7.997574955069448,2015-02-27,2015-03-01,2016-02-27,PFE,2015,-0.8147687735180568,0.1619502526320868,-0.1175392424904342,-0.1917306241735601,-0.3908522745382257,-0.2066831598309587,0.5
4.4117275659805175,-27.17846665132953,-13.52102750137934,-29.31542492033632,-20.07677550145885,2.02878932379452,18.70259509741707,-6.40778568504444,-4.297506810597735,-6.245139184089955,6.311281195418111,17.97387881544044,2010-03-01,2010-03-03,2011-02-27,PB,2010,-1.8596358549698369,-1.3141040577674774,-1.3141040577674774,-2.3083618146666427,-1.8596358549698369,-0.819348843909036,0.25
36.12445282574895,-0.4616798707474215,11.887749231001836,13.46675621326263,33.13938307796385,38.05997798660516,37.409245102176826,-0.9839110801881544,12.619172449824148,18.13448655882556,26.18447110674763,37.88885553178872,2003-02-05,2003-02-07,2004-01-27,MKC,2003,-0.4801123022435904,0.0925897234224323,-0.2385230887164272,-0.5505135100177946,0.0308240805184881,-0.1339493541358383,0.5
11.957564619650803,-17.25059347699221,-3.757456371234006,-12.480306390006414,1.07902715062886,-0.8211801006930025,4.707763708388722,-13.826423334682929,-1.1715298059966708,-8.101023691718092,-3.512287052224956,2.9962857037499173,2011-03-09,2011-03-11,2012-03-06,RNST,2011,-0.3008701494769519,-0.1787829823480674,-0.6638961871747701,-0.4276321998904517,0.1444626663074538,-0.4650552492112673,0.25
46.39437261244228,-1.3190153482169071,13.18351274796788,22.054549333469524,25.166690148508668,39.9080659904589,15.89851512786552,-1.5556145102887848,0.8430494458854342,8.589740263261389,12.30824203690806,11.37523479451344,2006-06-05,2006-06-07,2007-02-27,HIW,2006,0.967421566101701,0.8781819952119501,1.2554861698244295,1.1363408192553903,0.795441738021073,0.967421566101701,1.0
19.66691928954903,-61.642698926827045,7.33097713379912,19.928813927827804,-23.27400922516057,-39.64411488502841,12.05686160722313,-1.5441706103587098,2.730261366393203,6.914251310011068,10.621141594287833,12.81079945788512,2014-03-03,2014-03-05,2015-02-25,NOG,2014,0.1355012590480699,-2.7484364614126933,0.5004383337300579,1.161326904992856,-1.4843180993124694,-2.034351504779229,0.0
153.06760422554652,5.100369926141983,38.54260277144926,45.27362692870417,122.03687413454314,196.6052350919271,20.975718315621712,1.3466100676156814,6.919751012410483,7.065960069592565,18.49134791016611,20.97823847699272,2013-03-01,2013-03-03,2014-02-26,SSTK,2013,1.900825744850892,2.1463240545318816,2.1463240545318816,1.4994460227038442,2.008539553863585,2.1463240545318816,1.0
32.39380327237901,-6.130434345648894,-7.559824935130485,6.308776656429238,20.744295558573885,20.87066595149833,12.667841799528665,-0.3469525126473768,6.599437609603376,2.789904108706197,9.618206192475306,5.0916079759787465,2017-11-03,2017-11-05,2018-11-03,AAPL,2017,0.4332894944853279,-0.0140039676229458,-0.8884445397429974,0.1830629789793138,0.4332894944853279,0.3426741984156777,0.75
63.09939062704535,-10.23599284055411,-7.2593310270501075,34.618084140102404,51.87784640229125,59.00595116273836,27.31538051769836,-1.7145624054206787,-1.4602630114964217,11.693338118875952,22.65231477697533,23.60829607667659,2010-06-02,2010-06-04,2011-05-24,RL,2010,1.4022548396154608,-0.1940281424239263,-0.7248705188777068,1.8596358549698369,1.4022548396154608,1.4022548396154608,1.0
40.30390412660962,-1.2330882304840662,8.736367139055286,20.37696249064396,32.38919922258462,40.91485834344877,36.172746951210506,3.195220464659619,15.734870325298,22.56596064888191,26.64057439740034,32.506074695639164,2003-03-27,2003-03-29,2004-03-10,BDN,2003,-0.302468317562005,-0.0513879414058713,-0.4344875603006736,-0.1547109712581142,0.0102732474022043,-0.0308240805184882,0.5
12.178507237927128,-4.06269376533447,-3.247278811824107,5.610958974760288,4.763973476657394,12.286724886001991,10.474575280425736,-4.7598132464268526,-4.422564827840159,2.6490277434150533,1.8084678735793267,8.940460860770335,2012-02-28,2012-03-01,2013-02-26,PPL,2012,-0.5590040731097289,0.2345351652639743,-0.2005383058698325,0.0498211646638838,-0.1836288412960811,-0.2516333176638357,0.25
7.224958646059319,-18.661847169633354,5.3839408189939775,-11.39647231617102,-6.896430544513764,3.12242868500128,2.000286359874637,-15.439225810741464,0.9727970058402536,-11.783470055325866,-5.118310803693142,1.184967814821594,2011-02-09,2011-02-11,2012-02-05,HIW,2011,-0.6638961871747701,-0.3008701494769519,0.1273686236536843,-0.3544882970547939,-0.230674651594814,-0.2481038536325935,0.5
-0.6617658092901059,-48.53823679928957,-21.54411928670212,-41.39706201000601,-41.17647223819081,-12.573529339579151,1.4423506513366449,-14.822956313970206,-3.056728868135045,-2.7850176864612903,-14.518142595469657,-12.772937027331857,2007-06-14,2007-06-16,2008-06-11,PBH,2007,-1.4730381813058386,-1.2013134639303256,-1.7421541097431177,-2.085355566031829,-1.5932188180230509,-0.0929718485610737,0.5
215.3177270432612,-7.69230830568196,62.20735415261771,72.24080531576148,116.05351229239145,190.63543654401823,36.17038896114087,3.2181872649107,14.98974459976882,22.17926121540255,26.757293754485367,32.114640284541935,2003-03-28,2003-03-30,2004-03-13,INCY,2003,1.542505429061814,-0.929830182373526,1.542505429061814,1.1019306939748412,1.2676638132129083,1.542505429061814,1.0
53.86514539752283,-8.502692752381002,2.627411339917999,8.230440757514659,44.50777130326348,24.86234345053414,12.417687336930443,-3.603910703847572,0.8910489541986361,7.500081396498424,6.286583433326097,8.319719369969308,2014-01-13,2014-01-15,2015-01-28,CVGW,2014,1.636206353445079,-0.1963817529205772,-0.045044478386439,0.1506655869036554,1.839319112804286,0.6604235931477406,0.75
214.265365241465,-0.142856293968712,133.96357003766772,178.40823401409375,194.0073017987692,176.95551001174778,60.17247896386044,1.1810834936832977,32.526266599153296,43.17056435366023,53.11206779785237,54.93568221409147,2009-03-02,2009-03-04,2010-02-27,NWL,2009,1.3451666341766395,0.3756960737128051,1.5488051323094818,1.5488051323094818,1.3451666341766395,1.3021733217241485,1.0
16.69525701998937,-61.441623381359165,16.264277921176458,-6.671138433211745,-51.30422146733803,-66.51347384612114,6.166723804701796,-40.72813832912003,5.18575576749554,-2.302936357092212,-35.5994684558161,-44.166776618034085,2008-02-29,2008-03-02,2009-02-23,EMN,2008,-0.1447704848916176,-0.9022831487462591,0.7500287159054096,-0.5493958624103579,-0.9297163136679516,-1.1814850929220482,0.0
19.75941522028713,2.1857580547532045,11.746736776943752,10.304809277205203,17.50602396486927,16.46721529965594,19.85330339680324,-0.4469709501936171,2.8236353348679804,8.73784518715163,17.357259114952164,19.42489886731549,2013-03-28,2013-03-30,2014-03-25,HD,2013,-0.375879650718902,1.326381462745558,0.3930703588796464,0.0319369986870563,-0.0319369986870563,-0.1927768199489321,0.5
3.223962330207416,-25.33957210198289,-8.58302759081657,-18.72067144820636,-12.51822467163795,-22.55866741579097,11.964150751291587,-3.892705340524305,10.341194419386577,5.521310538286968,2.959978605554161,-0.42388493814997,2007-02-28,2007-03-02,2008-02-26,AMGN,2007,-1.0285233695538234,-0.3015921892752413,-0.9975069159744928,-0.9097337077501412,-0.4003633845347481,-0.4614936942181583,0.25
35.9271753032252,-6.448202513808952,1.6905075872938635,7.152154504893227,21.71651586434172,35.93411033675768,19.022080557590577,-6.13564377537776,-2.3572368875969705,-4.581835504474011,6.604768806997366,18.29956270837217,2010-02-26,2010-02-28,2011-02-27,MTCH,2010,0.2479206474252086,0.105367862504749,-0.0175297668069486,0.1940281424239262,0.4532765029124916,0.6151411045959733,0.75
6.448058343221518,-8.774523682056405,0.0534908780030879,-5.148239548871383,6.006448588860056,-2.629670323845467,0.4111172951755419,-11.945691653784484,-0.4722795756724824,-6.126876247646529,-1.3469307419758882,-9.262341042351926,2015-02-26,2015-02-28,2016-02-23,AFL,2015,-0.4712994609102532,0.5210396059181497,-0.2518337221515013,-0.2216820512581707,0.1619502526320868,0.0880655697240945,0.5
4.056245131694069,-9.87834001978748,-3.406763687928437,-9.630921501899302,-0.8466968257409535,-6.281332822992456,18.88801384247526,-1.640811124793314,1.969684241583566,3.124893712492035,10.235317981490097,16.637012025086925,2017-03-01,2017-03-03,2018-02-26,SON,2017,-1.327457039922785,-0.4332894944853278,-0.626897758044701,-1.1469636413643294,-0.7889048894560169,-1.04485630887263,0.0
1.4810589015689248,-17.30423319686136,-11.96464891836892,-5.443510173976058,-6.134314392015225,0.0276177579283746,13.645212040565536,-0.0440771364437853,4.217299748284086,8.181587304946621,12.30408023163684,14.614813805619232,2014-02-27,2014-03-01,2015-02-24,SHOO,2014,-1.3236216160196843,-0.6792081437353614,-1.2884056574247928,-0.7175190403607842,-0.7770559717098598,-0.623533292007805,0.25
6.971183497812329,-50.3277720856292,4.75918317853285,-5.734501317723126,-36.45257976702611,-51.79815112710104,6.165972681753734,-40.82268959779988,5.18575576749554,-2.302936357092212,-33.32431869655229,-41.92767929324025,2008-02-29,2008-03-02,2009-02-24,MSA,2008,-0.7030663708034979,-0.4875067217162145,-0.0541263077972712,-0.5079180847303104,-0.4077554311531777,-0.7263472840601011,0.25
44.7005816891274,-0.6699892708545533,19.15706773411977,24.63051899236123,25.56100453928975,46.141171934497365,24.016718379280736,2.118773745562858,9.63394232855286,14.193713362540793,15.096922339710838,22.02123773675356,2006-07-14,2006-07-16,2007-06-27,KFY,2006,0.8781819952119501,1.1000328036503098,1.6411070584917151,1.3957469929496675,0.8223939646634976,1.1363408192553903,1.0
50.40266278317098,-1.3883730891812198,8.494998694178378,10.153010827119846,35.67768298902659,51.6380840158846,19.40990294631625,-1.2412358989904433,2.35604084168944,3.860597693847384,11.32308406330435,15.623119869677558,2017-03-16,2017-03-18,2018-02-27,KNSL,2017,1.1203378173662168,0.6788913547012515,0.5600886168170294,0.4179582347677724,1.0693406473946394,1.2943900486043136,1.0
41.35186406408791,-0.619410758148597,2.111681534358798,39.5068378903056,34.08599590839449,33.10945072285255,20.752686077690687,1.5860012702370023,7.015405156337303,13.874901387318278,13.77216724608977,22.597997486259786,2016-02-17,2016-02-19,2017-02-20,GRMN,2016,0.5129953899725145,0.3715508721305807,-0.4333331928845376,1.2529407433419315,0.7015584913282578,0.417741175766493,0.75
4.33477400903132,-24.14989009004809,-8.179685720315032,-13.64909180450274,-24.124022678339585,-7.935513328131065,11.288312049261014,-3.634221969419678,-2.4476443461358963,3.496950669227611,1.2142491944316005,11.88403949855929,2012-02-14,2012-02-16,2013-02-12,BWA,2012,-1.1304702064710357,-1.040703356342186,-0.6182298424050132,-1.2666009481985507,-1.4792524817776924,-1.230411507319429,0.0
16.62331171053732,-9.086741588917914,0.3575341745774256,1.3330058983051825,15.519601241168868,-1.8829207922481623,0.727463281573232,-11.668275887675003,0.6035793273126152,-11.518709362957374,-1.1441438763411316,-9.14181575325504,2015-02-24,2015-02-26,2016-02-21,FFBC,2015,0.2066831598309587,0.4712994609102534,-0.2066831598309587,0.1619502526320868,0.6607511271402553,0.1323128522761713,0.5
15.380637055175244,-6.630321832572715,-6.469213350187932,3.689289743556317,9.405042236150871,19.43361091178188,18.45797119416364,-5.389620863451545,0.7499479401965213,-1.2839359329116784,8.222272419245538,20.09487457999209,2010-02-16,2010-02-18,2011-02-13,CCI,2010,-0.819348843909036,0.0877568550740368,-0.6364617188094684,0.035064922453794,-0.2479206474252086,0.0,0.5
71.24067773268298,-5.138984855732925,11.016950590861844,59.49152025947699,62.03390279812081,18.13558775472499,7.974625035694319,-9.089165328589702,5.856498843690994,3.5714770773750857,0.5451765225980231,-8.542069377182191,2007-02-07,2007-02-09,2008-03-30,RDNT,2007,1.4730381813058382,0.6571085664248891,0.5458265295688948,1.8339146358159144,1.6630806318577986,0.9381873304979592,1.0
5.973021217278494,-14.670175180820214,0.1874188493055156,-8.39582848792394,-8.09595680641874,1.1994029821202967,11.09878436221408,-3.194104941376088,0.1945341897111503,3.718334357545985,3.1495306529721336,11.847335310488123,2012-02-07,2012-02-09,2013-02-06,HXL,2012,-0.9852458760680372,-0.5205948945908113,0.0498211646638838,-0.9586237086463466,-0.8582970158595105,-0.8582970158595105,0.0
1.3320176490495117,-21.18882083946872,-20.926572983984503,-17.3457853688113,-17.820162281048468,0.5568763249956438,5.119465533818661,-10.33525081838696,-8.9450654269273,0.759358365370018,4.319589661172947,3.4611595387562777,2015-10-28,2015-10-30,2016-10-24,AAPL,2015,-1.11895838106256,-0.3438033881076829,-1.774240414905673,-1.0919529066945768,-1.0919529066945768,0.2066831598309587,0.5
32.166491823324435,2.2738327236745826,16.963170164913734,16.073699741221166,28.8436929015384,17.630201745263356,11.966068437058818,-3.8955311814456106,10.341194419386577,5.521310538286968,2.959978605554161,-1.1080108876539034,2007-02-28,2007-03-02,2008-02-25,CCI,2007,0.7523312959551569,1.59321881802305,1.0285233695538234,0.8549251388307662,1.0285233695538234,0.9097337077501412,1.0
16.222632395470633,-3.982302308079313,-2.015525589738329,1.7227370366153831,12.008858239240842,9.74266356613264,11.330078125000002,-5.351757289574965,-4.203476853843948,-0.5347095226142666,6.843370505832855,7.021613238668961,2006-03-15,2006-03-17,2007-02-27,DHR,2006,-0.5066461786232445,0.2957226994521613,-0.2353288710695169,-0.2553541081880179,0.0973094896019495,-0.2957226994521613,0.25
-0.4386184077399575,-22.14898609332793,-3.4877907937442068,-17.49597614004579,-11.140409185578696,-12.716137500916776,8.36050686139772,-3.2017349387704925,1.1510635679268115,4.230354249143607,5.810742343746795,7.663360751574326,2005-03-15,2005-03-17,2006-03-11,EMN,2005,-2.652069807902196,-1.1552208466119516,-0.5947658468016781,-1.5547735945968535,-1.2372345991628273,-1.490853355246661,0.0
50.009439816491465,-37.635217645878285,-27.672954239586268,-33.01886871671062,48.58490922519778,-23.11320330333598,11.511516324384091,-5.185491639631234,-4.102424280121577,0.8581905798358747,8.28531649583326,6.290042806173106,2006-03-16,2006-03-18,2007-03-14,DVAX,2006,1.031459093921247,-2.066729074547486,-2.269205796284963,-2.066729074547486,1.449181789493655,-1.8134175686740344,0.0
23.40137069336772,-6.359785363117232,2.795220437475119,-0.6488443092688508,7.086614805552946,21.00315241807425,19.841235456002643,1.4454381022863017,6.768068692343634,13.7858945113327,13.51058181845262,22.49521875405572,2016-02-16,2016-02-18,2017-02-15,LYB,2016,-0.3111562795826229,-0.3868548928465303,-0.3563333866888767,-0.8766407131522276,-0.4333331928845376,-0.1645246010018243,0.5
36.11227706814876,5.823206287298473,26.141598457181143,22.91579020124645,13.364049076470137,19.22914991144453,6.458247967327899,-9.176448233539036,-9.176448233539036,-0.3204747852106085,6.373502265077708,5.418885390088261,2015-11-12,2015-11-14,2016-11-13,SBH,2015,1.0153447486779994,2.756187115643015,2.0441809692130835,1.268334945605221,0.5549229427026537,0.7945065715416222,0.75
18.07445110393935,-4.991129552789304,1.912647917627171,6.304119666000717,14.46539009272066,12.798254187797756,9.86518319775614,-2.304226511502786,2.8954522676990293,1.7591878498432028,7.560956686253355,8.654670179494168,2004-03-11,2004-03-13,2005-03-12,IFF,2004,-0.2763775935405556,0.47176186424417,0.1932359394047214,0.23460396858051,-0.0303267642354756,-0.131776227420344,0.5
15.68199906778023,-40.197111697718974,14.402103727833934,10.197114329408931,-31.87910407348761,-29.04073622955073,7.517806163384311,-9.75086792609076,5.555825487811009,7.062115073669677,1.6440423533567203,-8.956743755093797,2007-04-04,2007-04-06,2008-03-30,DLTR,2007,0.1867561210637371,-0.8284646485811346,0.7772063489273904,0.5894557978497783,-1.2404342623003108,-0.6571085664248891,0.25
0.0,-60.860858523292194,-34.63462648598215,-23.1231278663686,-50.25025123781828,-64.46445544986562,-2.0331189536386614,-40.95186216284471,-13.651702019723524,-9.288895148715415,-18.37921155970972,-43.10308825267505,2007-10-26,2007-10-28,2008-10-25,MU,2007,-1.3249576888929775,-1.6630806318577986,-2.2865479513109808,-1.1639495821532648,-1.944361676728804,-2.085355566031829,0.0
9.71957996953828,-3.0341677357041923,0.6792774073160918,3.735893404216579,2.7081582850120225,10.52084268592719,10.84932926720151,-4.56329785098231,-3.3134172645953703,4.451205305142847,2.7853798385661497,12.304084884849663,2012-03-08,2012-03-10,2013-03-05,MSEX,2012,-0.743872452680497,0.4095730016316891,0.1331942791673785,-0.1164640599713407,-0.2688053576996254,-0.3033942804026249,0.25
21.67222445898113,0.036842591261736,12.42059087559147,13.47789040177523,18.48572838521393,13.826269429391088,12.211294521269386,0.2797771048771884,7.650745417868608,7.656189008549536,10.527594579068818,8.393983637363037,2004-10-12,2004-10-14,2005-10-09,CPB,2004,-0.0910921692111368,1.37427978785648,1.0057909761129349,0.7393781286389902,0.2138741985137606,-0.0910921692111368,0.5
12.486726655961084,-12.590723672333027,-9.151411997225416,-5.688734666147224,-3.373619834475157,12.31943824174989,5.503879646893858,-5.729650394786772,-1.6283200089655936,-1.1218179059565565,3.774588834739518,5.507647273809289,2005-03-02,2005-03-04,2006-02-25,SON,2005,-0.7454495481807891,-0.4124631294414047,-0.9781502862624716,-0.9462913579615764,-0.8559959854926819,-0.3054807880993974,0.25
52.55240329859964,-10.928144278935468,-7.110777198189018,-8.008979957491537,43.71258425402287,38.77246550871852,18.96326800285025,-1.591384641623962,1.4232277992657905,2.566422422169616,9.11492050710799,14.706625760633283,2017-02-28,2017-03-02,2018-02-18,HALO,2017,1.2626808172985204,-0.5600886168170294,-0.8476228499485504,-1.04485630887263,1.3620428657323789,0.9094199564309924,1.0
17.247758946991755,-7.472788517503394,-4.945099406852938,4.951128968877789,13.454331149862153,20.06086601089505,10.103302364811393,-2.777192952504852,0.8949207800361508,-1.605979348734535,1.6719855948705034,11.012464073976105,2005-12-12,2005-12-14,2006-12-06,NFG,2005,-0.39072570019687,-0.0401168101849681,-0.6934933462832895,-0.1408353703971272,0.2224032269272062,0.1408353703971273,0.5
30.876901661195983,-18.73753966794825,-16.269386877021542,-5.965871969043988,20.6590903369374,33.815264598115554,21.639932725453267,1.777334435072638,8.825621708895664,7.645174073171749,19.00070751263332,21.23022254774018,2013-02-26,2013-02-28,2014-02-23,CTSH,2013,0.1441901504505076,-1.4994460227038442,-2.728131207691228,-1.2187741212833938,0.160342267446307,0.517086837682098,0.75
25.624057531293,-9.691652059438065,-3.303978853081066,-5.4332012080795264,17.10716811129916,2.2026239090331687,21.02609977335516,1.3506489847722642,6.919751012410483,7.065960069592565,18.39825048553604,21.91515936931297,2013-03-01,2013-03-03,2014-03-01,NOG,2013,-0.1119941746390771,-0.9095548385417392,-1.2187741212833938,-1.1858822854160689,-0.0639066138102956,-1.1542257131881382,0.0
-0.2699130770153523,-44.72742325054367,-41.32340701923936,-23.61965990200376,-31.15688124412096,-41.93690655975353,5.147053230388746,-16.1036439035418,-12.263470382503124,-5.549134148860589,4.287618556961239,1.1958091869964556,2011-06-29,2011-07-01,2012-06-20,KFY,2011,-1.874868541717812,-1.7069150781421163,-2.321307193615032,-1.0277784530368548,-1.2550531686293942,-2.321307193615032,0.0
11.928742415079366,-9.543107818303302,-0.5280568457989372,4.062018046051195,10.788003482330614,-7.591540271274434,12.952452352133346,-1.8793935856142785,-1.5649116378972825,4.972564612953225,8.089937999551804,14.16501071873492,2016-07-15,2016-07-17,2017-07-19,CAG,2016,-1.1366567214093113,-0.7015584913282578,-0.6834568905788627,-0.5457653086018335,-0.2962417663850167,-1.1642611839548778,0.0
92.72318314192115,9.402712405630478,44.42316823980784,75.87000558197803,70.88775867164078,87.57834659789805,67.85147822581605,10.055088577657727,37.73204068104344,50.22929206460686,61.50465098540191,68.48436170263184,2009-03-03,2009-03-05,2010-03-14,GTY,2009,0.5347002582995637,1.3021733217241485,0.8039452913875315,0.7794506698081487,0.5554726262848051,0.5764875032319371,0.75
8.828728945568049,-19.358209770713973,5.573010878094594,-4.1889626566933655,-17.010332200465818,3.2315253697516706,6.557855537817861,-4.79024228347191,-1.5354320978313776,-0.1380009532960589,3.9154441527392128,6.944998852514003,2005-02-28,2005-03-02,2006-02-27,PFE,2005,-0.9781502862624716,-0.8852904488296415,0.1408353703971273,-0.7995009431327368,-1.4325027208258116,-0.6934933462832895,0.25
39.96120881082192,-4.598880419346734,-1.122709350402373,-5.150513267216272,28.7641940671276,34.59055384032513,19.03029071665585,-6.149410890452143,-2.3572368875969705,-6.1386912936427285,7.406944236564618,17.18099418199069,2010-02-25,2010-02-27,2011-02-23,ROL,2010,0.5527719466547457,0.2842435068100512,-0.1940281424239263,-0.5940965287803994,0.6800015230981499,0.4924834449303662,0.75
210.86678296841416,-0.0450281002914714,32.45778693877697,55.909953819259925,180.11258009164578,200.93810778845963,20.975718315621712,1.3466100676156814,6.919751012410483,7.065960069592565,18.49134791016611,20.97823847699272,2013-03-01,2013-03-03,2014-02-26,HALO,2013,2.1463240545318816,0.6106953668200481,1.666864248463724,1.666864248463724,2.343411786882688,2.343411786882688,1.0
26.45618600499609,1.1000200614276068,12.330041159859988,10.477637073301036,22.324799127830115,27.54508663333411,21.639932725453267,1.777334435072638,8.825621708895664,7.645174073171749,19.00070751263332,21.23022254774018,2013-02-26,2013-02-28,2014-02-23,IFF,2013,-0.0639066138102956,1.0108214165260785,0.4453719834837341,0.0799139026436379,0.1765363276715043,0.3081584284747152,0.75
9.298780913409477,-11.21027878485511,-2.333114661300207,-4.033855387827043,2.3028683614348884,8.132552830083835,0.7790325079934226,-11.623052881630455,0.7773834251785667,-3.504353057868225,-1.2362103405708975,-10.147605063066134,2015-02-20,2015-02-22,2016-02-16,REG,2015,-0.3128613997601117,0.2822161470625082,-0.4712994609102532,-0.1323128522761711,-0.0733589686745265,0.4067242518713638,0.75
8.205449952250362,-60.690186110468645,-5.547558816600376,-1.1320830667315656,-39.40013591636937,-61.192031801781255,10.717534971385763,-44.19645862216981,6.535332547898924,-2.1580704437321923,-29.559767551958533,-43.49365508796358,2008-03-13,2008-03-15,2009-03-11,ADC,2008,-0.5918413445522961,-0.8493555964781647,-0.7263472840601011,-0.181321657040385,-0.4672964866019938,-1.0790273409456974,0.0
31.764779116976893,-13.390555016996425,-2.1175858284930222,12.94125631179055,2.5883277299884955,31.05892314817952,6.868970361258664,-4.535283847397286,-0.7225517281350824,2.0582922860011745,4.712345333480473,5.918816760602573,2005-03-11,2005-03-13,2006-03-06,HXL,2005,0.478913734112256,-0.5015273989777081,-0.4565423838398404,0.3054807880993974,-0.5475513533264015,0.6934933462832895,0.75
30.771641757713848,-9.817947518264354,20.664755579255026,2.095369543773724,25.722553899800264,27.74566669190333,-0.0074214764245186,-29.239101304005192,-12.610103729622455,-26.34312988209263,-21.150841125466567,-23.14046525131524,2002-03-22,2002-03-24,2003-03-26,CXW,2002,0.7856052881619148,0.6648087279270916,1.2539049841737089,0.5173121532157856,1.1281436452787637,1.0180757150135902,1.0
5.801612575662984,-40.52640911376065,-17.850978474127484,-22.33531788179418,-19.05829147007202,-3.932402406791645,5.183240146070095,-27.217080623123,-3.577201893775785,-17.227325229210667,-17.090886369482167,-25.104584742760355,2002-02-26,2002-02-28,2003-03-08,AMGN,2002,-0.5894557978497783,-0.7039217888285135,-1.1281436452787637,-0.6648087279270916,-0.4822482148379231,0.0,0.5
0.4870485552317605,-56.30349079161947,-20.38288197582414,-30.602479445794945,-54.95495553547255,-49.18356136137007,6.558458072806069,-5.026599211832196,0.0237848183611916,-3.644980403331165,-2.383600088171569,4.843823420304192,2004-01-29,2004-01-31,2005-01-10,SNPS,2004,-1.9075329151166576,-2.6493567133746767,-1.7022437879603267,-2.254041642171543,-2.6493567133746767,-2.6493567133746767,0.0
24.380732543254734,-14.944256901670524,0.0553920209534034,-14.939842394405009,8.289218317710699,12.59702873592762,20.408442944350163,-5.062793377607165,-3.172429333709931,-4.630346981898964,8.604278515207712,21.76637723839118,2010-02-23,2010-02-25,2011-02-21,COHU,2010,-0.1584199757969935,-0.6800015230981499,-0.140693743225248,-1.2736225888638253,-0.3025435205640797,-0.3394566690838199,0.25
17.837562725603608,-14.937757181538297,-12.92235239756058,0.1778516265629257,19.442816361369488,10.13632918770161,6.902518836322928,-4.5311735340976735,-0.7225517281350824,2.7949341470882434,4.441396021646409,7.511416497350741,2005-03-11,2005-03-13,2006-03-14,CCK,2005,-0.3477872042786274,-0.5947658468016781,-1.2815515655446004,-0.643345405392917,0.478913734112256,-0.4124631294414047,0.25
25.38762535564424,-3.2983022429020945,3.153714124151282,9.855425587599164,7.752938361457677,15.76871269877446,18.94024421443113,-1.591182926719264,1.2544555624524925,3.1768560026173738,10.290863052799288,15.212942471073182,2017-02-28,2017-03-02,2018-02-27,SHOO,2017,0.0700748576167592,0.357562974152202,0.0700748576167592,0.3875838499544473,-0.2838356760570323,0.1263671037415011,0.5
17.64706737462178,-37.92021841082031,-4.87429984079304,3.797873951916617,-37.92154157039091,-39.52365709780598,3.026590824918706,-42.4561046989149,0.3010646403126025,-5.80260204278672,-41.680274032625285,-45.81353035197503,2008-02-22,2008-02-24,2009-02-23,NVR,2008,0.0,-0.0902890090859178,-0.6576059551971671,0.0180342744551435,-0.4472753550165085,-0.4077554311531777,0.25
9.12738170606164,-38.80736029527908,5.729518634283423,-7.3125021438308275,-17.031752410724533,-28.741680348365627,10.794053741373176,-4.941332491008796,6.486165899159962,3.6724525400159296,5.640268800896003,-1.5719753891716954,2007-03-16,2007-03-18,2008-02-27,SAH,2007,-0.3406948270877956,-0.7523312959551572,0.0929718485610738,-0.3210821352432329,-0.56750611918135,-0.6342373651655667,0.25
-9.20892225463397,-42.66720177730281,-33.7475697083086,-27.88019525516829,-24.121411662862325,-41.43832381425029,13.760211954587964,-0.0418448937912219,4.217299748284086,8.54079504134199,12.30408023163684,14.527050532333524,2014-02-28,2014-03-02,2015-02-25,SSTK,2014,-2.7484364614126933,-1.8393191128042856,-2.366357839478706,-2.034351504779229,-1.581461938167366,-2.170881650222712,0.0
26.2426947242654,-10.71986642273084,-7.759393645222716,-0.6305790986819998,14.195613635515064,24.77792032259269,8.832439310811866,-2.7036751381430686,1.1023512866618306,3.695018115340415,7.018858496540931,0.6231029297620108,2017-12-20,2017-12-22,2018-12-05,HRL,2017,0.1830629789793138,-0.5115891973377669,-0.909419956430992,-0.3725314417738252,0.0981820828940759,0.495692000537287,0.75
24.826276865792227,-44.39103903443626,19.256872129168013,-19.87612578733019,-30.463021108425306,-34.7685408105566,-1.786548268099417,-30.155620106178823,-13.668954105294716,-27.83767099893787,-23.648543043480853,-24.686450487497627,2002-03-29,2002-03-31,2003-03-29,SLGN,2002,0.5530240914275497,-0.91913552204621,1.1886741890646788,-0.5173121532157856,-1.0180757150135902,-0.967421566101701,0.0
36.55946587832409,-3.4095515481778604,6.047584545106001,25.23734711429749,30.90246617814297,36.44584716707608,19.88431501661216,-0.3530826962150135,5.153625763492572,8.294040106032194,13.90829881731876,19.855521424154464,2013-03-18,2013-03-20,2014-03-12,BANF,2013,0.4278095150456594,-0.1119941746390771,-0.2418231534063561,0.8393483023193379,0.517086837682098,0.6496418914171286,0.75
26.839736104964302,-53.24203764196883,23.03755687398593,14.3073441770325,-41.90376330319266,-44.68474562924009,4.699296634686417,-38.89686519304704,5.450407527978271,-4.752630363470215,-33.410616470499725,-35.56322484306615,2008-02-13,2008-02-15,2009-02-09,SLB,2008,0.549395862410358,-0.6576059551971671,1.2185327617994326,0.6134658670382204,-0.6353811544457921,-0.5493958624103579,0.25
69.65744576224924,0.402559328652397,19.423205802353355,22.42495433942719,19.65861928941917,81.16543412327275,10.89502436314061,-2.426651010801528,2.914547604312833,-1.3074437843837752,3.5390976449878564,11.175596256569442,2005-12-20,2005-12-22,2006-12-10,DLB,2005,1.5547735945968535,1.432502720825812,1.1552208466119516,0.7995009431327368,0.501527398977708,1.799118106837967,1.0
131.46351970909606,10.545402419929264,47.727158724609765,105.1816876224608,62.45445944392096,102.7271278561964,62.86506242033889,1.815442725218569,34.53811039401301,41.94086778401592,56.94758032734916,62.48108491073384,2009-02-27,2009-03-01,2010-03-06,MTRN,2009,0.9072289939325966,1.390801215972819,0.8544473986959894,1.021235541706597,0.3949806846587804,0.8039452913875315,0.75
114.62152428752616,-0.1281651295719416,25.87715309412973,40.95767633912664,64.75264684494569,111.79911034979916,22.68014162276188,0.5330955114472913,4.5289163598095,8.382664890994615,12.253935374928044,24.404408810170565,2017-01-27,2017-01-29,2018-01-24,KBH,2017,2.198226615682831,1.04485630887263,1.6697336797375966,1.870225471692526,1.870225471692526,2.198226615682831,1.0
38.512181397412526,0.0034138282505648,24.139467191037507,17.321551783505328,20.13829545212596,0.937648500008072,6.208158307295584,-42.50046818863062,5.24187788822204,-3.592287010868563,-32.64543960788664,-47.33171469510494,2008-02-27,2008-02-29,2009-03-02,FLO,2008,0.9297163136679516,1.6076417216628835,1.386915188346301,0.703066370803498,1.0472939430367385,0.7500287159054096,0.75
122.4329767182225,-48.75774285496555,-10.05156835444131,17.525720046814573,63.1442994200484,90.20616705514053,16.95079211698978,-23.38064329421445,-9.0722405838596,-8.056215156318546,5.600529445135853,14.714696466439328,2008-10-27,2008-10-29,2009-10-26,MU,2008,2.0972525706013494,-0.4472753550165085,-0.9022831487462591,0.7263472840601011,1.7557173041045062,1.8469926783025168,1.0
-0.712174420648485,-43.1473808975991,-16.800563736163905,-21.177825375009544,-35.588910476011534,-30.852188303518425,6.394545305079183,-8.633621568831934,4.414662051620467,0.1931893418625105,-1.3002919708883791,-5.370355952261384,2007-02-16,2007-02-18,2008-02-26,CTSH,2007,-1.5303669458988602,-0.967421566101701,-1.2815515655446004,-0.9975069159744928,-1.3249576888929775,-0.7279132908816442,0.25
12.330775419255788,-19.71368640885868,-11.842225215697296,3.840544703252808,-10.564965726293938,3.3210208787514817,2.4183027683020746,-24.848371696871943,-20.838140566987384,-16.993753326873023,-13.818573111464657,-18.503915942936924,2002-04-26,2002-04-28,2003-04-13,LOW,2002,-0.0619316234553172,0.0,-0.91913552204621,0.5894557978497783,-0.2183447707673682,0.1867561210637371,0.5
3.832813427934244,-30.150764236947253,2.554061365390819,-6.82229952694767,-20.02702016785977,-22.06818810159269,8.027649242475986,-3.758347023854463,1.7714287021516697,-0.6193224643613431,4.752046061590842,8.103023745088215,2004-03-10,2004-03-12,2005-02-26,PFE,2004,-1.3240577347651978,-1.4866897383061768,0.23460396858051,-0.8216250592853797,-1.795458713145104,-1.550724410923579,0.0
123.1836724207829,-10.204081765052662,34.013612371089344,14.965985291227812,56.46258706414082,94.55782824870296,14.021398507865424,-10.21490168189469,-4.340253509797781,-4.827454204129447,6.396307452223077,13.225776424407616,2010-03-16,2010-03-18,2011-03-09,DVAX,2010,2.108763102430319,-0.17619613114412,1.9690177837141256,0.7478585947633022,1.6215716129475275,2.308361814666642,1.0
21.808442151388345,-11.566554315927055,0.9999007924712986,5.759435581277181,17.533556605496486,11.08886792125534,46.58658425423986,-8.54391950950596,15.987106564229403,27.053428994308405,42.41148809295736,38.07353665169192,2009-02-17,2009-02-19,2010-02-15,DGX,2009,-1.051874477842607,-1.021235541706597,-1.0835340886836176,-1.051874477842607,-0.685771607977826,-1.2227382594940654,0.0
57.754895098207136,0.2171449882952925,11.329621439720986,4.625610891048608,29.6889664689507,58.487426635584015,21.53293947414403,1.675682160948682,9.503365410552709,9.287003210406,19.048280093630805,21.1254699456236,2013-02-25,2013-02-27,2014-02-22,CNMD,2013,0.9845589448349792,0.7306906091317623,0.3418230307415372,-0.535424014586856,0.46307291711285,1.2530401843576202,1.0
22.593822290908687,-21.383695713706825,-9.373035704121644,-4.645382845171182,4.154870929323371,29.964286160513137,2.882195643244388,-15.27320363343182,0.2923407549960976,-8.611980627239921,-6.226549967045559,3.1954035590061096,2011-02-24,2011-02-26,2012-03-03,SAH,2011,0.2831954356515559,-0.5031413949310434,-1.1181252270333275,-0.0084684399828454,0.2656087571802988,0.8934399407031918,1.0
30.28024857676764,-0.4784668202164183,13.830029116509497,6.8124896788492455,8.771935161444526,26.9765329624962,-0.1474681875883407,-12.418745441425912,-1.768735345341692,-4.985906187483539,-12.418745441425912,-3.8789201443883368,2015-05-14,2015-05-16,2016-05-15,PBH,2015,0.7745654303366722,1.268334945605221,1.11895838106256,0.5894557978497783,0.3282931030021069,1.0402029655508989,1.0
29.998749738655544,-15.362142442809455,-3.65213600286313,-0.7125336865784497,30.074884680944937,22.55952496356898,12.324891155102897,-3.552040244368751,-2.452507994994438,5.842939637791991,8.76173178531702,12.090767084955504,2004-03-15,2004-03-17,2005-12-20,HIW,2004,0.3614782846173021,-0.5881202037756785,-0.4944792715528826,-0.3186393639643751,0.7936154164253918,0.23460396858051,0.5
18.763088284387347,-18.37737016496945,-14.365894377078794,0.8947171553715876,4.300672988679334,21.197673484240227,6.848687062252104,-4.544321269407452,-0.5037204335917723,2.8558148171296702,4.337990980019269,6.164823288759329,2005-03-07,2005-03-09,2006-03-12,SLGN,2005,-0.3054807880993974,-0.7454495481807891,-1.3786587286232772,-0.5475513533264015,-0.4343972422597812,0.2018934791418507,0.5
49.7854863306199,-0.3870268228605185,8.563174108066123,24.03804861468797,47.29262657054774,38.330195082160415,36.16803097107122,3.2411540651617803,16.22768938633179,20.58997101517273,28.35247749068638,30.95097276085391,2003-03-28,2003-03-30,2004-03-16,FLO,2003,0.0308240805184881,0.1132453212616632,-0.4801123022435904,0.0308240805184881,0.5505135100177945,-0.0925897234224323,0.5
33.73948272900889,1.081669594173133,11.40927686104726,25.786495121381,21.665482585686984,24.632462020508,1.026127281198028,-11.406366124858936,0.7740574512948444,-7.792349262740555,-0.7298696802981706,-7.555238774055595,2015-02-25,2015-02-27,2016-02-22,ROL,2015,0.9216232126398908,1.5430979274111278,0.8353711435721113,1.336804225057125,0.899434907667234,1.0153447486779994,1.0
15.860991861999665,-1.4789952483794593,0.8417758762361047,13.035292779381765,10.323737376461334,8.0196878767309,14.706725113625904,-1.1613317358507598,4.263315366761523,13.781479844665546,9.037575403407674,13.996875083710176,2017-07-21,2017-07-23,2018-07-18,CAG,2017,-0.357562974152202,0.626897758044701,-0.1122634450733951,0.5765465576657437,-0.0841201628116673,-0.1973221856596432,0.5
32.94932778419715,5.766821789145704,10.63090059861335,30.480867580840144,20.9831553285709,13.873531088238678,22.58405492291947,1.605033183636832,7.015405156337303,13.435321474478076,15.412094392689095,23.567352031965463,2016-02-17,2016-02-19,2017-02-27,FCFS,2016,0.1789785485925713,1.7874571219404414,0.2813928638580045,0.8977512464336255,0.2372021093287876,-0.4333331928845376,0.25
-0.0009186138800509,-21.76437145963044,-11.937638008232163,-12.5043205744834,-13.217149790601498,-15.310338194849896,13.445027885561856,-0.7734714475138669,3.448331323829252,7.739925662135205,11.192025216420504,13.871841037920346,2014-02-26,2014-02-28,2015-03-02,FELE,2014,-1.8393191128042856,-0.861029933765129,-1.2547188556687543,-1.2884056574247928,-1.1323554418900592,-1.161326904992856,0.0
-1.4531835601413916,-24.00550992260403,-2.722201667757634,-12.26154398405504,-5.448412221164407,-20.72779788851075,1.026127281198028,-11.406366124858936,0.7740574512948444,-7.792349262740555,-0.7298696802981706,-7.555238774055595,2015-02-25,2015-02-27,2016-02-22,DFS,2015,-2.375107084194771,-0.4712994609102532,-0.5043220460777776,-0.6607511271402553,-0.5043220460777776,-0.7355767698596141,0.25
22.71602524700297,-2.9117892356580444,1.8336340974871503,2.044118518901344,13.636686504881084,16.49394081448594,11.690751090933956,-5.04272132984335,-3.892493587425546,0.7850977203274394,7.190215039056279,7.369036399440152,2006-03-13,2006-03-15,2007-02-27,EMN,2006,-0.0388722413091988,0.5288648245483261,0.1364407409062468,-0.2353288710695169,0.2153975700805627,0.0194324498798234,0.5
82.90842759462976,-2.725608046081718,20.22697154348521,41.52339834621676,63.75305445529382,64.630613558038,18.02727658377877,-2.271209985111864,4.707288911662903,5.667424587707705,12.664100820129,18.22318669237925,2012-05-10,2012-05-12,2013-04-27,AZZ,2012,1.8837215565509235,0.5016780036218874,1.7163789035302903,2.1307155554683628,1.8837215565509235,1.7163789035302903,1.0
48.56192789371204,-14.963489192479532,-9.7940320673887,-4.0318761583937,44.01985228425677,26.30853097737595,21.35979835804087,1.702546270053111,8.57331302633879,7.395602220261422,18.724808222885507,20.949154199526028,2013-02-27,2013-03-01,2014-02-23,RGR,2013,0.7947626308230077,-1.4076468450927204,-1.900825744850892,-1.0655564298528235,1.0655564298528235,0.2418231534063561,0.5
11.833331512080363,-50.0,-25.00000496705353,-48.33333498901784,-5.000004967053534,-16.66666997803569,6.12522174447412,-5.360105314970332,-3.606750713587748,-3.6128873754407578,-0.8159297031997603,2.7679986257304554,2004-02-06,2004-02-08,2005-01-29,RDNT,2004,-0.612325259544216,-2.254041642171543,-2.6493567133746767,-2.6493567133746767,-1.112021207066951,-1.3742797878564808,0.0
1.0338641122710022,-31.51285240280544,-4.234807244365767,-10.484819322249416,-24.678742504181223,-26.46029002153103,12.925358695437358,-0.0685794348966039,1.6346490395640283,5.756315889923715,10.806408379690954,11.189942163887862,2014-02-13,2014-02-15,2015-02-09,OI,2014,-1.4843180993124694,-1.4405898174813183,-0.6604235931477402,-1.1043044852461483,-1.636206353445079,-1.4405898174813183,0.0
21.22817878897656,-0.1783724371201024,9.92591670463596,16.81086775128857,14.85193683250503,16.72789195555116,11.330078125000002,-5.351757289574965,-4.203476853843948,-0.5347095226142666,6.843370505832855,7.021613238668961,2006-03-15,2006-03-17,2007-02-27,PB,2006,-0.116852746716332,1.2994240294383357,0.9368471083583686,0.9368471083583686,0.275482281855099,0.0583267352729931,0.5
96.2250741525983,49.160791322939176,80.4829887572948,77.39447360717622,77.67734917052739,98.17760300985866,68.77618043879849,11.81227086894687,38.9576199348482,50.23723713645322,62.58259002759586,65.37182247848932,2009-03-06,2009-03-08,2010-03-03,RNST,2009,0.5977601260424784,2.300346955727879,1.2614608488054833,0.8544473986959894,0.6411448587139198,0.708602106764754,0.75
12.494178730459684,-22.45977726491982,-2.911372751311648,-1.2341023811559686,-1.8321474649605312,-18.89910362912745,12.18841669299683,0.0740482303505048,3.8006993190682654,4.688713704717439,9.784359734291776,5.14329361419172,2017-11-21,2017-11-23,2018-11-18,MATW,2017,-0.626897758044701,-1.2626808172985209,-0.5115891973377669,-0.495692000537287,-0.8476228499485504,-1.4770404135445574,0.0
32.178155760041946,-2.161402467842424,14.702901161451395,16.350353396383934,21.526783679664792,18.155923476590004,12.889960120769258,-4.0122307039302,-1.4777331097987951,1.2589773247536724,7.569383848603802,8.525065017397154,2006-02-28,2006-03-02,2007-02-27,FIX,2006,0.5288648245483261,0.668403645656815,1.449181789493655,0.795441738021073,0.6929003452275887,0.0778033317602575,0.5
30.362624069658008,-9.044976586272796,-6.547687786175796,10.830472778294236,17.32882862075536,30.089439860499223,9.422721285049423,-6.144790089110936,-5.02768268303236,2.495906562999532,1.7062510035508849,11.253121404398655,2012-03-12,2012-03-14,2013-03-09,ADC,2012,0.4095730016316891,-0.2005383058698325,-0.4095730016316889,0.320823208036348,0.5590040731097287,0.5590040731097287,0.75
11.230174601449354,-10.453755499291065,1.247180199818226,-5.946702692538257,1.947159684097916,13.34645405890079,6.985777023295693,-4.278130863718464,-0.4004608164532447,0.7286490286758749,5.1520447842679,7.400304932377042,2005-02-24,2005-02-26,2006-02-22,TXT,2005,-0.8274183207043821,-0.26371439822153,-0.1611185885107454,-1.0110343281418164,-0.5947658468016781,-0.2224032269272063,0.5
73.09568798603458,-0.6318865253889159,24.417477823259777,32.22649767115552,57.4424197949383,75.37503423246504,18.32761419495556,0.7908495145680663,1.3170328167534953,7.720490080161895,14.126863953213505,14.159864473512188,2017-05-18,2017-05-20,2018-05-21,RL,2017,1.5661289334248911,0.8277338772305455,1.6157644455296232,1.4365778228797368,1.6697336797375966,1.6697336797375966,1.0
35.95557322545161,-18.14796262867824,4.954462208603859,19.973343731865672,-8.709171995391852,-18.75138622849317,17.580807541750683,0.2121032970169659,6.780156479331656,7.226437443530442,12.1204898628293,17.590013933091175,2016-11-17,2016-11-19,2017-11-13,MTSI,2016,0.3868548928465302,-1.2223087036810498,-0.2372021093287876,0.3411979778989233,-1.318010897303537,-1.5576418094071471,0.0
-1.4700412006247383,-26.370114557045945,-5.720438124459239,-7.318613776132647,-21.9178061625861,-22.43784336741081,3.34361611687218,-42.367340873176495,1.6933720753282189,-6.289484101040384,-37.3106296079939,-43.4706960483433,2008-02-26,2008-02-28,2009-02-24,LH,2008,-1.7557173041045062,0.5704901164282159,-0.7500287159054096,-0.5704901164282159,0.0902890090859178,0.181321657040385,0.5
96.83916601718646,5.407017951767055,17.336677486873135,29.648223604655367,74.62307968117887,90.70350257314688,13.300084756890469,-10.770256386992504,-8.22181375583731,-4.124547472494589,6.9364660434513805,10.668079073413452,2010-03-26,2010-03-28,2011-03-21,HSTM,2010,1.8596358549698369,1.8596358549698369,1.129371242748261,1.6906216295848986,1.9690177837141256,1.9690177837141256,1.0
4.694710793932771,-14.873330585357328,-1.0429470623649588,-7.289347683294764,-6.526431351475054,-4.6790826997948525,11.202525844138204,-4.088797768066732,1.2597458632714964,-1.5996446228289125,-2.210739915043204,9.91671854096735,2009-11-24,2009-11-26,2010-11-21,MATW,2009,-2.300346955727878,-1.3021733217241485,-1.2614608488054833,-2.1001654928444697,-1.7590357970929549,-1.9599639845400545,0.0
-6.872975695070307,-39.28868251730305,-17.782922642927716,-31.63972824710985,-27.020791122449666,-35.334874484958945,9.028093608916054,-8.463393646259945,5.531566042389001,7.174191686416884,3.630618014837127,-5.855887198483211,2007-03-30,2007-04-01,2008-03-26,HSTM,2007,-2.677950908965551,-0.8025718880593093,-1.3710147104376271,-1.6630806318577986,-0.9381873304979592,-0.9097337077501412,0.0
7.36996502320868,-41.43589692981499,-6.227108978249763,-11.35530917998856,-36.26373635970639,1.098900043229742,19.86991822038332,-0.3507216567185814,5.972894251619083,8.910574650135736,13.896747360315867,18.11883230511008,2013-03-18,2013-03-20,2014-03-15,RDNT,2013,-1.605971123588354,-2.343411786882688,-1.605971123588354,-1.811498673173026,-2.728131207691228,-1.2187741212833938,0.0
57.30380607673998,-2.840641213680566,5.872159020401633,33.45553895893658,32.04993732293136,57.29056754894872,13.236913689276994,-2.3517270652000133,2.944350496640951,11.030754537690358,4.586771072961776,11.209913743206815,2009-10-27,2009-10-29,2010-10-25,AAPL,2009,-0.1709212158693972,-0.0627067779432138,-0.8039452913875315,-0.0806575641468488,-0.1891184262727925,0.1346897940089197,0.5
17.757947057775123,-3.170544717353981,2.2049476810008586,-0.0724956998840936,3.474233347791745,19.47580863295581,4.308735969244601,-5.81266286192854,0.8443457093326839,2.4403162499417577,3.021208179033104,3.1423885334182646,2014-11-06,2014-11-08,2015-11-04,ATO,2014,-0.045044478386439,0.4170433409168482,-0.0751193396550674,-0.4334737137054236,-0.2579996392637326,0.3523832016951085,0.75
88.61514458845494,-6.354891085582189,19.47948938413098,47.239744692065486,61.86907826928272,55.87538575673905,15.112569403185786,-1.168517575838352,1.7820790776838302,4.113971764654725,8.895376839151927,14.154007837532143,2016-03-31,2016-04-02,2017-03-28,HQY,2016,1.607455218159893,-0.3715508721305807,1.0339995713249182,1.607455218159893,1.6616104381189518,1.0339995713249182,1.0
31.55920948111059,-68.72215519669226,4.454866662798304,18.171163414502985,-65.65064292520655,-72.91910885001968,11.000732688379662,-39.567054791152174,10.26253596456944,0.1264349998614765,-35.9015820144607,-42.272078840068886,2008-03-06,2008-03-08,2009-03-01,INCY,2008,0.7500287159054096,-1.298124361249252,-0.1265702108961302,0.7500287159054096,-1.4882284853340444,-1.5451823667942652,0.0
48.75013033891344,0.4568659832880619,15.128961337610628,12.238882950502996,16.791128585375496,45.556799519443935,43.00099351824585,5.116908465101997,22.32625373476389,27.76044479140652,31.29490258018442,39.18487663260808,2003-03-07,2003-03-09,2004-03-10,SJW,2003,-0.0102732474022044,0.4801123022435906,-0.0102732474022044,-0.700513692095138,-0.700513692095138,0.1339493541358383,0.5
17.56412754363766,-43.48938958170218,14.588942406793514,-30.13452709983268,-24.57398981937664,-38.565021174991806,-1.5697335598615283,-31.256458556630545,-11.100338849704016,-27.64617802795212,-23.14701452192071,-25.36141943611069,2002-03-14,2002-03-16,2003-03-26,DLTR,2002,0.2501528637684728,-0.8284646485811346,0.8729028194552984,-1.0180757150135902,-0.7441427422201676,-1.1886741890646788,0.0
6.5513603071720885,-11.846095778677922,1.3745653171993035,-6.608399866497495,-2.9961813501652466,8.487250543040503,14.185606173417291,0.3709942988427442,3.50061425714772,8.285910111044927,12.37576582709326,14.88957996511232,2014-02-19,2014-02-21,2015-02-23,FLO,2014,-0.9754414782132907,-0.4170433409168481,-0.1963817529205772,-0.8394842838850336,-0.5697278829070654,-0.2579996392637326,0.25
131.30314976758842,1.1988584259040436,24.841500564615668,86.57341316736259,87.21224296856535,23.09821686493868,11.967986122826046,-3.898357022366933,10.313078569412754,3.2577074168732234,1.445383487433711,-2.455362898183575,2007-02-28,2007-03-02,2008-02-24,GRMN,2007,2.0853555660318293,1.4201790692709686,1.5303669458988596,2.677950908965556,2.286547951310982,1.1639495821532648,1.0
28.86321157306584,-51.54852790370903,-0.6617487400937814,0.8088236874888792,-40.6617651801137,-16.470592029144868,1.819660392393909,-48.69886445426964,-9.184032661592106,-31.821753624221977,-39.29994392312482,-39.38062532970556,2008-04-17,2008-04-19,2009-04-14,SCVL,2008,0.6353811544457919,-0.5918413445522961,-0.4274319392282473,-0.1265702108961302,-0.5704901164282159,0.3688625002629946,0.75
32.322310739557906,-10.910102062050616,-6.897342405304451,4.644091737069306,23.353464322942155,28.906158690762723,2.329505786387889,-15.31586505731019,0.2923407549960976,-11.333458295938058,-12.464394395224836,2.293520603102151,2011-02-25,2011-02-27,2012-02-22,MATV,2011,0.6429288470637659,0.1103117207728617,-0.8440371460123249,0.5616942915575664,1.150349380376008,0.8200946319670864,0.75
14.108751539602803,-4.238148022712757,11.721824342250557,1.5381484303091657,5.016474305863312,6.641496353123745,21.104246961742003,-0.3835481333162708,8.476512148418397,11.048519454760417,16.381836205869384,18.11776241069169,2013-02-12,2013-02-14,2014-02-08,HIW,2013,-0.8622771352074365,-0.2418231534063561,0.3758796507189019,-0.7099953715698564,-0.7517036426120186,-0.8856685166836827,0.0
33.28161980066369,-0.6849501118892151,11.636711450595785,30.52665355408351,31.44119421518709,20.119845424281955,1.6724003449663551,-10.86811854990378,-1.0721182589683025,-6.686174832376449,-0.6130426188956524,-2.641570407145058,2015-04-07,2015-04-09,2016-03-27,PLAY,2015,0.8563343515695686,1.2362268066854138,0.8563343515695686,1.59321881802305,1.205344919537529,0.8147687735180568,0.75
24.291021346779985,-12.23111301515346,12.55930725960131,19.67196159773284,-7.491416553788005,-4.928125617559847,4.248380180927064,-38.98303119999683,2.5910622649412125,-6.830610735985427,-37.38651092538298,-38.29740367969304,2008-01-28,2008-01-30,2009-01-26,MKC,2008,0.427431939228247,1.0472939430367385,0.4672964866019938,0.7987068193888116,0.5079180847303104,0.6801604406616635,0.75
14.850727191415714,-34.7857135982379,12.46680561131564,-3.4357591915353987,-26.01984092232158,-34.41833215534369,6.165221558805673,-41.509454915981415,5.18575576749554,-3.643698154568303,-33.32431869655229,-42.54660386892501,2008-02-29,2008-03-02,2009-02-25,PPL,2008,-0.2926572195372762,0.0,0.4472753550165086,-0.3496269202991955,-0.0541263077972712,-0.2181167724291834,0.5
12.219964664875889,-46.19407377036226,7.899252049757862,-23.323100417328664,-24.821239152136084,-42.832815749317405,10.413051543509097,-5.697712557126623,7.185416615500291,3.3378411813657136,6.971424733098108,-9.471774689406724,2007-03-09,2007-03-11,2008-03-10,SHOO,2007,-0.1116371545069449,-1.0937284925474593,0.360439464736611,-1.2404342623003108,-0.8549251388307662,-1.1281436452787637,0.0
33.45340669364544,-1.2604072443053995,10.781200595593107,23.915028832834064,33.554160250109014,22.79581847092605,20.95958857853391,1.3445906090373902,6.919751012410483,7.4069037759041265,18.49134791016611,20.975613308897927,2013-03-01,2013-03-03,2014-02-25,SHOO,2013,0.2582961673486663,0.2914585549104202,0.2582961673486663,0.7517036426120188,0.6106953668200481,0.0479156842923996,0.5
9.18679975271023,-26.375197753865503,3.985506707041765,-4.750401775371978,-19.363931590892587,-27.616753811685435,8.451527471899409,-3.1556869742313705,1.7912777780115012,3.15302895774745,6.538059740315975,9.06400654325182,2005-03-16,2005-03-18,2006-03-14,OI,2005,-0.9462913579615764,-1.3285393288568097,-0.0200543703529506,-0.8274183207043821,-1.7991181068379674,-2.053748910631823,0.0
36.63543527650615,-15.622716107253162,33.333338373662265,-10.780152192732098,-3.9716254682780594,33.049608177429654,10.126850045748585,-11.8631242324743,-1.5324335554234063,-5.508871127455831,-0.027423707393327,8.9620689151875,2002-07-29,2002-07-31,2003-07-20,KFY,2002,1.2539049841737089,0.3145722918388851,1.8682416548639296,-0.0929718485610737,0.0309509690163807,1.324957688892978,1.0
21.22891751163203,-7.712994614936427,-2.4486893716273848,12.392352835051922,16.408870645642185,5.600505460812544,7.559455349828586,-4.3663634881268365,-1.154970331538658,-0.3350584707652665,5.142832658278771,4.700524314677965,2004-04-12,2004-04-14,2005-04-09,HD,2004,-0.1114111450879597,0.1521961149820758,-0.3186393639643751,0.5881202037756785,0.1114111450879596,-0.4944792715528826,0.25
57.115969286333,-9.24497234677039,-5.487566132568998,11.745578005707332,45.08318667004651,49.90481169848718,19.0080963669578,2.965629040886668,8.193127122235456,12.959632892593184,12.921335679432488,21.58231803390624,2016-02-25,2016-02-27,2017-02-15,MTRN,2016,0.8559138119345849,-0.6655765204446996,-1.109892263807452,-0.1645246010018243,0.9192696555311836,0.9192696555311836,1.0
46.0402011591504,-0.904524163951091,6.733669237561811,14.371862639074712,28.34171560357857,-0.4020096745708537,12.40469407016611,-6.80910717222708,8.312951506180337,10.366731190141826,-2.4268822509836667,-3.9301122202401286,2010-11-29,2010-12-01,2011-11-27,DGII,2010,0.8193488439090362,0.7712488561909459,0.4339349704164829,0.7022592801651727,0.6364617188094687,-1.034934929753374,0.0
75.58301489446455,-11.607819563072926,12.62292615383694,48.01506095896892,50.82095827826832,66.82568495702948,22.13372778910036,-0.0002421463617226,4.790629526402075,13.931605464829962,11.856824565453095,22.22347451483368,2006-06-15,2006-06-17,2007-05-28,RL,2006,1.5705850285674192,-0.2957226994521613,1.1000328036503098,1.6411070584917151,1.6411070584917151,1.5705850285674192,1.0
2.759428478195195,-14.062645638441603,-3.249781353986389,-0.7350587661058127,-11.653153139340136,-15.364303752950043,13.537918226438409,-3.2687511599936845,-1.039722007422195,8.320180610464782,10.226732254780645,14.300078563375584,2013-05-23,2013-05-25,2014-05-13,RL,2013,-1.900825744850892,-1.3658867177443286,-1.1858822854160689,-0.8622771352074365,-1.605971123588354,-2.146324054531881,0.0
30.247357567609807,2.377288179654345,19.684731343941465,18.267495001142024,5.165302916768514,31.632302439923546,10.568421444288877,-5.033683035321262,3.924344420893264,-3.660359820345628,0.1959481314942077,11.099921808999351,2009-12-08,2009-12-10,2010-12-05,JJSF,2009,-0.9072289939325966,0.708602106764754,-0.0806575641468488,-0.4736993937656505,-1.116318759832843,-0.493826705042641,0.25
97.69657719206108,-3.2015896775727977,30.16116265641054,21.739067370456898,42.56611878899587,107.05386157798502,5.436200378071836,-3.204503797127696,2.677588331626759,1.1795874028565427,2.527196475924176,5.6483915537702165,2004-12-03,2004-12-05,2005-11-29,AAPL,2004,1.7022437879603274,0.6618544345702996,1.7022437879603274,1.37427978785648,1.2769698176788649,1.907532915116658,1.0
72.91193177497854,-7.210182444275906,-5.860684326375109,10.172248607682985,50.14625031489539,74.52064159978102,5.514141323415534,-5.92628339517763,-4.664097542162602,-4.479277654022959,3.0251206911010184,5.606501250011174,2004-02-17,2004-02-19,2005-02-26,NVR,2004,1.428229520098179,0.1932359394047214,-0.5881202037756785,0.47176186424417,1.3240577347651978,1.5507244109235792,1.0
51.531305204545895,0.0388875971537333,1.5104005468747117,13.443371688531682,34.29348251622908,36.62828286608208,20.99268732341148,0.2967835045484197,4.13009780992963,6.859863459586142,14.647310912462766,15.815741861275695,2017-03-24,2017-03-26,2018-03-21,DG,2017,1.174428429081933,1.2028089015392671,-0.0841201628116673,0.6440344843386459,0.9749018697915902,0.8476228499485504,1.0
2.744954655507814,-66.54470911523276,-29.55464770899066,-59.25652959628421,-50.8649225002479,-62.97387279263421,-1.7849086543498291,-30.161446271347987,-13.668954105294716,-27.83767099893787,-22.404805516256875,-24.12388729848721,2002-03-29,2002-03-31,2003-03-26,CSGS,2002,-0.8284646485811346,-1.5932188180230509,-1.4034126358514014,-1.7145936537660904,-1.7145936537660904,-1.8682416548639305,0.0
43.14842752140285,0.7974478419737187,5.334051828399179,26.96359823035113,38.95186018555872,29.80397245207625,5.207950828529944,-6.906995631418868,4.326895342699035,4.34371221451563,3.4391529757255337,-5.800528100515603,2015-01-29,2015-01-31,2016-01-26,META,2015,1.3018067488856788,1.4121875789061633,0.3908522745382257,1.4121875789061633,1.4121875789061633,1.205344919537529,1.0
48.83215794967489,0.949908819413186,19.960576984902296,21.07600143161256,37.28835070003687,40.7233579207143,13.352517145332882,-0.0850218902812474,9.128967791233649,3.686298712749074,9.000043609914998,3.141108412352604,2017-10-18,2017-10-20,2018-10-24,COST,2017,1.04485630887263,1.7951757783293276,1.4365778228797368,0.9526210203498708,1.1469636413643294,1.0209828379299457,1.0
39.20504650977713,4.272923007653928,15.935865465216992,36.411586212705394,36.16148719808282,43.22064917052222,30.307827038683776,3.3468252634583084,12.339932272455483,21.946607214066795,24.837994100741994,30.92816032935254,2012-11-13,2012-11-15,2013-11-11,ATO,2012,0.7438724526804971,2.1307155554683628,1.30452987541041,1.7163789035302903,1.2666009481985507,1.0696692506283436,1.0
7.120118794129546,-30.21997962092047,-8.77596189979773,-17.233206651175482,-19.22668238303537,-5.07542286101668,10.131764352688696,-11.891118374406188,-1.5324335554234063,-2.6326759097593984,-1.9788923152156983,10.118250008603384,2002-07-29,2002-07-31,2003-07-14,HRB,2002,-0.4822482148379231,-0.3803256417636311,-0.5894557978497783,-0.3472612470297181,-0.5173121532157856,-0.0619316234553172,0.5
39.729256505559206,-6.170484090712644,12.219312772203557,22.90260057725561,41.02370260405305,31.236517020168275,11.719844483939696,-7.728352412877953,1.4066275816996543,3.072506980472193,5.836780612445501,12.349898935578778,2015-12-18,2015-12-20,2016-12-20,COO,2015,1.205344919537529,0.6607511271402553,0.899434907667234,1.2362268066854138,1.4965786688245752,1.3018067488856788,1.0
6.704486989843493,-24.482436230087,-14.75249593634976,0.9130580259374032,-11.244596204363544,-4.853434774933588,7.982518770856502,-3.990207869855405,0.7350398011679644,0.1841998922413793,5.717463848720801,6.792432129449388,2004-03-15,2004-03-17,2005-03-12,MTRN,2004,-0.9408647115856296,-1.0057909761129349,-1.4866897383061768,-0.1726796686047917,-1.4866897383061768,-1.0057909761129349,0.0
101.57111935112934,-0.2311764338993368,39.27629272972125,45.93999017874163,66.7697327791965,98.27897381027051,31.114764798132228,-0.2479791328920103,10.820745106967763,16.110793390493484,22.20228750530221,27.20739189835059,2003-03-31,2003-04-02,2004-03-13,SLGN,2003,0.929830182373526,0.1964444663812541,1.0649794133636663,0.7540492120526999,0.8682711687396533,0.9619682084767048,1.0
28.553838645348463,2.722344152979713,15.59399379462184,24.01932845379779,18.10126888671208,24.9337350379599,21.58231803390624,2.9675538833323607,8.634069433314961,12.255790510832512,14.548998826697716,22.5185465405272,2016-02-26,2016-02-28,2017-02-25,AMT,2016,-0.0213649344220052,1.164261183954877,0.6834568905788627,0.5293092943986861,0.1070204864285727,-0.0498683829072347,0.5
14.79060575117758,-8.275152197560837,2.4557706136948543,-2.9574833997203496,-4.687081492593272,16.06813591443393,3.8003871370169815,-13.946897497105253,0.7794237731587556,-13.97825202524475,-6.925193542806529,2.8428149128595903,2011-02-22,2011-02-24,2012-02-15,IDXX,2011,-0.0932868538134716,0.230674651594814,-0.0932868538134716,0.0423543536056896,-0.1444626663074538,0.2481038536325937,0.5
99.08760504405852,-2.1479268935807587,10.381913061447673,38.24583263640702,82.10670466129892,98.76312842932502,8.412282736858108,-3.1566621822557503,1.4231018613195496,3.492617652681264,5.949651396992678,7.714035022732793,2005-03-16,2005-03-18,2006-03-12,SHOO,2005,2.0537489106318225,0.7721932141886848,0.5947658468016781,1.5547735945968535,2.257129244486225,2.0537489106318225,1.0
71.21377993547793,0.4453936615658711,20.10015926334293,45.65699927728441,61.803982628234536,61.8596108352256,20.95648887875252,1.0711647545192575,4.93243681922833,13.644929443326973,14.83759699149488,21.46851528686297,2013-06-25,2013-06-27,2014-06-25,KFY,2013,1.326381462745558,0.7947626308230077,1.0655564298528235,1.5505101956313876,1.4994460227038442,1.2888442775859985,1.0
9.804212670577202,-54.69894609953228,-18.105260949385794,-21.57894937615645,-13.052629169664884,-63.57894696687397,1.1624114113130584,-40.48689996281731,-6.275384853256884,-6.553156528339053,-13.223133849801007,-41.65251969708338,2007-11-29,2007-12-01,2008-11-18,SBH,2007,-0.2437719994620891,-1.3710147104376271,-1.4201790692709682,-1.0285233695538234,-0.4205631951075186,-1.944361676728804,0.0
50.875802309087234,-3.1439475711929044,20.99845544525901,34.77306488176516,44.448103681696594,41.33728298377927,33.63919572551205,0.428173958144418,15.096679667085326,17.42360488445108,24.28867765798108,31.976439354261693,2003-03-21,2003-03-23,2004-03-09,AIN,2003,0.0513879414058711,-0.3457798137898645,0.5032989588241708,0.5745823814125951,0.4571809584905307,-0.0102732474022044,0.5
